0.042,0.010,0.009,0.058,0.044,0.044,0.180,0.208,0.212,0.055,0.010,0.018,0.057,0.047,0.054,0.018,0.052,0.026,0.091,0.039,0.070,0.070,0.070,0.070,0.207,0.281,0.243,0.094,0.095,0.094,0.095,0.095,0.212,0.212,0.203,0.202
0.007,0.003,0.003,0.020,0.015,0.015,0.015,0.036,0.037,0.028,0.008,0.015,0.047,0.039,0.045,0.019,0.053,0.026,0.096,0.041,0.072,0.073,0.073,0.073,0.207,0.285,0.246,0.096,0.096,0.096,0.096,0.096,0.212,0.212,0.205,0.205
0.037,0.007,0.007,0.053,0.040,0.040,0.181,0.215,0.220,0.043,0.007,0.014,0.046,0.038,0.044,0.015,0.048,0.024,0.087,0.037,0.066,0.066,0.066,0.066,0.205,0.286,0.248,0.095,0.095,0.095,0.095,0.095,0.211,0.212,0.202,0.202
0.009,0.004,0.005,0.025,0.019,0.019,0.016,0.040,0.041,0.031,0.011,0.020,0.054,0.045,0.052,0.025,0.063,0.032,0.105,0.047,0.080,0.080,0.081,0.080,0.207,0.284,0.246,0.098,0.098,0.098,0.098,0.098,0.212,0.213,0.204,0.204
0.034,0.007,0.008,0.049,0.037,0.037,0.180,0.214,0.218,0.050,0.009,0.017,0.051,0.042,0.049,0.019,0.053,0.026,0.098,0.043,0.075,0.075,0.074,0.074,0.206,0.284,0.246,0.097,0.097,0.097,0.097,0.097,0.212,0.212,0.203,0.202
0.003,0.002,0.002,0.015,0.011,0.011,0.009,0.036,0.037,0.018,0.009,0.015,0.047,0.040,0.046,0.020,0.058,0.029,0.093,0.040,0.071,0.071,0.071,0.071,0.207,0.287,0.247,0.096,0.096,0.096,0.096,0.096,0.213,0.212,0.205,0.205
0.036,0.008,0.009,0.051,0.039,0.039,0.175,0.209,0.212,0.049,0.010,0.019,0.053,0.044,0.050,0.023,0.060,0.030,0.103,0.045,0.078,0.078,0.078,0.078,0.207,0.286,0.247,0.098,0.098,0.098,0.098,0.098,0.212,0.213,0.201,0.201
0.002,0.002,0.002,0.012,0.009,0.009,0.006,0.030,0.031,0.017,0.013,0.021,0.054,0.045,0.053,0.030,0.071,0.037,0.113,0.051,0.086,0.086,0.086,0.086,0.205,0.285,0.246,0.100,0.100,0.100,0.100,0.100,0.213,0.212,0.206,0.206
0.036,0.008,0.008,0.051,0.039,0.039,0.174,0.206,0.208,0.051,0.010,0.018,0.054,0.045,0.051,0.019,0.055,0.027,0.095,0.041,0.072,0.072,0.072,0.072,0.207,0.285,0.246,0.095,0.095,0.095,0.095,0.095,0.212,0.213,0.201,0.201
0.003,0.002,0.003,0.014,0.010,0.010,0.007,0.030,0.032,0.017,0.010,0.018,0.049,0.041,0.048,0.025,0.065,0.033,0.106,0.047,0.081,0.081,0.081,0.081,0.207,0.283,0.245,0.098,0.098,0.098,0.098,0.098,0.212,0.213,0.211,0.210
0.064,0.021,0.019,0.080,0.062,0.062,0.213,0.226,0.230,0.092,0.021,0.032,0.083,0.070,0.080,0.031,0.077,0.039,0.110,0.049,0.085,0.085,0.085,0.085,0.207,0.282,0.244,0.097,0.097,0.097,0.097,0.097,0.213,0.213,0.202,0.202
0.003,0.001,0.002,0.012,0.009,0.009,0.011,0.036,0.037,0.015,0.006,0.012,0.036,0.030,0.035,0.017,0.048,0.024,0.093,0.040,0.071,0.071,0.071,0.071,0.206,0.281,0.243,0.095,0.095,0.095,0.095,0.095,0.212,0.212,0.207,0.207
0.003,0.001,0.002,0.012,0.009,0.009,0.008,0.032,0.033,0.015,0.006,0.012,0.038,0.032,0.037,0.018,0.052,0.026,0.093,0.040,0.071,0.070,0.070,0.071,0.207,0.284,0.246,0.096,0.096,0.095,0.096,0.096,0.212,0.212,0.206,0.206
0.003,0.002,0.002,0.014,0.010,0.010,0.011,0.037,0.039,0.017,0.007,0.014,0.040,0.034,0.040,0.021,0.056,0.028,0.101,0.044,0.076,0.077,0.077,0.077,0.206,0.285,0.246,0.097,0.097,0.097,0.097,0.097,0.212,0.212,0.210,0.210
0.032,0.007,0.008,0.049,0.038,0.038,0.162,0.207,0.209,0.045,0.009,0.018,0.051,0.042,0.048,0.021,0.056,0.028,0.099,0.044,0.076,0.076,0.076,0.076,0.207,0.283,0.245,0.097,0.097,0.096,0.097,0.096,0.212,0.213,0.200,0.200
0.004,0.002,0.002,0.014,0.010,0.010,0.011,0.034,0.035,0.017,0.006,0.012,0.038,0.031,0.037,0.016,0.048,0.023,0.089,0.038,0.068,0.068,0.068,0.068,0.206,0.284,0.245,0.095,0.095,0.095,0.095,0.095,0.213,0.212,0.206,0.206
0.007,0.003,0.003,0.020,0.015,0.015,0.017,0.041,0.043,0.027,0.009,0.016,0.046,0.039,0.045,0.021,0.057,0.029,0.101,0.044,0.077,0.077,0.077,0.077,0.206,0.284,0.245,0.098,0.098,0.098,0.098,0.098,0.212,0.212,0.208,0.208
0.004,0.002,0.002,0.014,0.011,0.011,0.012,0.034,0.035,0.020,0.006,0.013,0.041,0.034,0.039,0.017,0.050,0.025,0.093,0.040,0.070,0.070,0.070,0.070,0.206,0.286,0.247,0.095,0.096,0.095,0.096,0.095,0.212,0.213,0.204,0.204
0.006,0.002,0.003,0.017,0.013,0.013,0.016,0.038,0.040,0.025,0.008,0.015,0.045,0.037,0.044,0.020,0.055,0.028,0.098,0.043,0.075,0.075,0.075,0.075,0.205,0.284,0.246,0.097,0.097,0.097,0.097,0.097,0.212,0.212,0.209,0.209
0.003,0.002,0.002,0.015,0.011,0.011,0.009,0.034,0.035,0.017,0.008,0.015,0.043,0.036,0.042,0.021,0.057,0.029,0.101,0.044,0.077,0.077,0.077,0.077,0.206,0.285,0.246,0.098,0.098,0.097,0.098,0.097,0.213,0.213,0.207,0.207
0.007,0.003,0.003,0.020,0.015,0.015,0.019,0.044,0.045,0.026,0.007,0.014,0.042,0.035,0.040,0.018,0.053,0.026,0.095,0.041,0.072,0.072,0.072,0.072,0.207,0.288,0.248,0.097,0.097,0.097,0.096,0.096,0.212,0.212,0.204,0.204
0.006,0.002,0.002,0.016,0.012,0.012,0.018,0.043,0.044,0.024,0.007,0.013,0.041,0.034,0.040,0.017,0.051,0.025,0.093,0.040,0.070,0.070,0.070,0.070,0.206,0.288,0.249,0.096,0.096,0.097,0.096,0.096,0.212,0.212,0.207,0.207
0.036,0.008,0.008,0.051,0.039,0.039,0.180,0.211,0.215,0.053,0.009,0.017,0.054,0.045,0.052,0.018,0.053,0.026,0.093,0.040,0.070,0.070,0.070,0.070,0.207,0.286,0.246,0.096,0.096,0.096,0.096,0.096,0.212,0.212,0.202,0.202
0.003,0.002,0.002,0.015,0.011,0.011,0.010,0.036,0.037,0.017,0.007,0.014,0.043,0.036,0.042,0.019,0.054,0.026,0.095,0.041,0.072,0.072,0.072,0.072,0.207,0.283,0.245,0.095,0.095,0.095,0.095,0.095,0.212,0.211,0.207,0.207
0.002,0.001,0.001,0.011,0.008,0.008,0.009,0.034,0.035,0.013,0.005,0.011,0.034,0.029,0.033,0.017,0.050,0.025,0.092,0.040,0.069,0.069,0.070,0.069,0.206,0.286,0.247,0.096,0.096,0.096,0.096,0.096,0.212,0.212,0.205,0.205
0.027,0.005,0.006,0.041,0.031,0.031,0.160,0.204,0.207,0.036,0.006,0.013,0.042,0.034,0.039,0.016,0.047,0.023,0.090,0.039,0.068,0.068,0.068,0.068,0.205,0.286,0.247,0.096,0.095,0.096,0.095,0.095,0.213,0.212,0.200,0.200
0.004,0.002,0.002,0.014,0.011,0.011,0.013,0.040,0.041,0.017,0.006,0.012,0.038,0.032,0.037,0.018,0.051,0.026,0.093,0.041,0.071,0.071,0.071,0.071,0.205,0.285,0.246,0.097,0.097,0.097,0.097,0.097,0.212,0.211,0.208,0.208
0.032,0.006,0.007,0.046,0.035,0.035,0.174,0.207,0.211,0.046,0.007,0.014,0.047,0.039,0.045,0.016,0.048,0.023,0.088,0.038,0.067,0.067,0.067,0.067,0.207,0.285,0.246,0.095,0.095,0.095,0.095,0.095,0.213,0.212,0.203,0.203
0.037,0.009,0.009,0.052,0.040,0.040,0.173,0.202,0.205,0.056,0.011,0.021,0.057,0.048,0.055,0.022,0.058,0.029,0.100,0.044,0.077,0.078,0.078,0.077,0.205,0.279,0.242,0.096,0.096,0.097,0.097,0.096,0.212,0.212,0.200,0.200
0.039,0.008,0.008,0.054,0.041,0.041,0.183,0.211,0.214,0.050,0.009,0.016,0.051,0.042,0.049,0.018,0.053,0.026,0.093,0.039,0.070,0.070,0.070,0.070,0.206,0.287,0.248,0.095,0.095,0.095,0.095,0.095,0.212,0.212,0.202,0.202
0.004,0.003,0.003,0.018,0.014,0.014,0.012,0.041,0.043,0.020,0.010,0.017,0.049,0.041,0.047,0.023,0.060,0.030,0.102,0.045,0.078,0.078,0.078,0.078,0.206,0.283,0.244,0.097,0.097,0.097,0.097,0.097,0.213,0.212,0.207,0.206
0.004,0.002,0.003,0.014,0.011,0.011,0.011,0.036,0.037,0.020,0.010,0.017,0.047,0.039,0.046,0.025,0.064,0.033,0.105,0.047,0.079,0.079,0.079,0.079,0.205,0.288,0.248,0.101,0.101,0.101,0.100,0.101,0.212,0.212,0.210,0.210
0.035,0.008,0.009,0.053,0.040,0.040,0.162,0.204,0.207,0.050,0.010,0.019,0.054,0.045,0.052,0.021,0.057,0.028,0.098,0.043,0.075,0.075,0.075,0.075,0.206,0.281,0.243,0.097,0.097,0.097,0.097,0.097,0.212,0.212,0.202,0.202
0.032,0.006,0.007,0.049,0.037,0.037,0.162,0.204,0.209,0.040,0.008,0.015,0.047,0.039,0.045,0.018,0.052,0.026,0.093,0.040,0.070,0.070,0.070,0.070,0.205,0.287,0.247,0.096,0.096,0.096,0.096,0.096,0.212,0.213,0.202,0.202
0.002,0.001,0.001,0.010,0.008,0.008,0.009,0.033,0.034,0.014,0.005,0.011,0.035,0.029,0.034,0.016,0.047,0.023,0.091,0.039,0.069,0.069,0.069,0.069,0.205,0.283,0.244,0.095,0.095,0.095,0.095,0.095,0.213,0.213,0.205,0.204
0.035,0.006,0.007,0.049,0.038,0.037,0.181,0.213,0.218,0.042,0.008,0.015,0.046,0.038,0.044,0.018,0.051,0.025,0.094,0.041,0.071,0.071,0.071,0.071,0.205,0.285,0.247,0.096,0.096,0.096,0.096,0.096,0.212,0.212,0.202,0.202
0.005,0.002,0.002,0.016,0.012,0.012,0.016,0.042,0.043,0.023,0.007,0.014,0.042,0.035,0.040,0.020,0.055,0.028,0.099,0.044,0.075,0.075,0.076,0.075,0.204,0.286,0.248,0.098,0.098,0.098,0.098,0.098,0.211,0.212,0.205,0.206
0.040,0.009,0.009,0.056,0.043,0.043,0.185,0.216,0.219,0.053,0.010,0.018,0.053,0.045,0.051,0.019,0.054,0.027,0.095,0.041,0.072,0.072,0.072,0.072,0.206,0.284,0.246,0.096,0.096,0.095,0.095,0.096,0.213,0.212,0.202,0.202
0.004,0.002,0.003,0.017,0.013,0.013,0.011,0.036,0.037,0.021,0.010,0.017,0.048,0.040,0.046,0.024,0.061,0.031,0.104,0.046,0.079,0.080,0.079,0.079,0.207,0.283,0.245,0.097,0.097,0.097,0.097,0.097,0.212,0.212,0.207,0.207
0.004,0.002,0.002,0.016,0.012,0.012,0.010,0.035,0.035,0.017,0.007,0.013,0.041,0.034,0.039,0.018,0.054,0.027,0.092,0.039,0.069,0.069,0.069,0.070,0.207,0.288,0.248,0.096,0.096,0.096,0.096,0.096,0.212,0.212,0.204,0.204
0.003,0.002,0.003,0.015,0.011,0.011,0.008,0.031,0.031,0.020,0.010,0.019,0.050,0.042,0.048,0.025,0.063,0.032,0.106,0.047,0.082,0.082,0.082,0.082,0.207,0.280,0.242,0.097,0.097,0.097,0.097,0.097,0.213,0.212,0.204,0.204
0.003,0.001,0.002,0.012,0.009,0.009,0.012,0.035,0.036,0.018,0.006,0.012,0.038,0.031,0.037,0.016,0.049,0.024,0.090,0.038,0.069,0.068,0.069,0.069,0.207,0.286,0.247,0.095,0.095,0.095,0.095,0.095,0.212,0.213,0.208,0.208
0.004,0.002,0.002,0.016,0.012,0.012,0.013,0.043,0.044,0.017,0.007,0.012,0.040,0.033,0.039,0.017,0.052,0.026,0.089,0.038,0.067,0.067,0.067,0.067,0.206,0.289,0.249,0.096,0.096,0.096,0.096,0.096,0.212,0.212,0.208,0.208
0.005,0.002,0.002,0.017,0.013,0.013,0.016,0.043,0.044,0.022,0.007,0.013,0.042,0.035,0.040,0.017,0.051,0.026,0.093,0.040,0.070,0.070,0.070,0.070,0.205,0.287,0.248,0.096,0.096,0.096,0.096,0.096,0.212,0.212,0.204,0.204
0.005,0.002,0.003,0.017,0.013,0.013,0.011,0.034,0.034,0.022,0.008,0.015,0.044,0.037,0.043,0.020,0.056,0.028,0.099,0.043,0.075,0.076,0.076,0.076,0.207,0.282,0.245,0.097,0.097,0.097,0.097,0.097,0.212,0.212,0.205,0.205
0.005,0.002,0.002,0.016,0.012,0.012,0.016,0.041,0.042,0.021,0.006,0.012,0.040,0.033,0.039,0.015,0.049,0.024,0.086,0.036,0.064,0.064,0.064,0.064,0.207,0.290,0.250,0.096,0.096,0.096,0.096,0.096,0.212,0.212,0.208,0.207
0.038,0.008,0.008,0.052,0.040,0.040,0.193,0.219,0.225,0.050,0.009,0.017,0.050,0.042,0.048,0.019,0.053,0.026,0.098,0.042,0.074,0.074,0.074,0.074,0.204,0.285,0.247,0.096,0.096,0.096,0.096,0.096,0.213,0.212,0.203,0.202
0.002,0.001,0.001,0.010,0.007,0.007,0.007,0.032,0.032,0.012,0.005,0.011,0.035,0.029,0.034,0.016,0.049,0.024,0.092,0.039,0.070,0.070,0.069,0.070,0.205,0.285,0.246,0.096,0.095,0.095,0.096,0.095,0.212,0.213,0.206,0.205
0.037,0.007,0.007,0.049,0.038,0.038,0.204,0.227,0.232,0.050,0.008,0.017,0.048,0.040,0.046,0.018,0.049,0.024,0.096,0.043,0.075,0.075,0.075,0.075,0.204,0.278,0.241,0.097,0.096,0.096,0.097,0.097,0.212,0.212,0.202,0.202
0.034,0.007,0.008,0.049,0.037,0.037,0.178,0.211,0.214,0.050,0.009,0.018,0.052,0.043,0.049,0.019,0.053,0.026,0.097,0.042,0.074,0.074,0.074,0.074,0.206,0.284,0.245,0.096,0.096,0.096,0.096,0.096,0.212,0.213,0.202,0.202
0.008,0.004,0.004,0.024,0.018,0.018,0.017,0.041,0.042,0.028,0.010,0.018,0.050,0.042,0.049,0.024,0.062,0.032,0.105,0.046,0.080,0.080,0.080,0.080,0.206,0.285,0.247,0.099,0.099,0.099,0.099,0.098,0.212,0.212,0.208,0.207
0.008,0.002,0.002,0.019,0.014,0.014,0.024,0.048,0.050,0.025,0.006,0.011,0.039,0.033,0.039,0.014,0.047,0.023,0.084,0.035,0.063,0.063,0.063,0.063,0.206,0.288,0.248,0.095,0.095,0.095,0.095,0.095,0.213,0.212,0.211,0.210
0.004,0.002,0.003,0.016,0.012,0.012,0.012,0.038,0.039,0.019,0.008,0.016,0.043,0.036,0.042,0.022,0.057,0.029,0.103,0.046,0.080,0.079,0.080,0.079,0.204,0.282,0.244,0.098,0.098,0.098,0.098,0.098,0.212,0.213,0.206,0.205
0.002,0.001,0.001,0.008,0.006,0.006,0.007,0.030,0.031,0.010,0.004,0.009,0.030,0.025,0.030,0.015,0.045,0.022,0.090,0.039,0.068,0.068,0.068,0.068,0.204,0.286,0.247,0.095,0.095,0.095,0.095,0.095,0.212,0.212,0.210,0.210
0.004,0.002,0.002,0.014,0.011,0.011,0.011,0.034,0.035,0.020,0.008,0.016,0.044,0.037,0.042,0.022,0.057,0.029,0.103,0.046,0.078,0.078,0.079,0.078,0.205,0.285,0.246,0.098,0.098,0.098,0.098,0.098,0.212,0.212,0.206,0.207
0.001,0.001,0.001,0.009,0.007,0.007,0.006,0.029,0.030,0.011,0.007,0.012,0.039,0.033,0.038,0.018,0.053,0.026,0.092,0.039,0.070,0.070,0.070,0.070,0.206,0.285,0.246,0.095,0.095,0.095,0.095,0.095,0.212,0.212,0.205,0.204
0.003,0.002,0.002,0.015,0.011,0.011,0.009,0.032,0.032,0.018,0.009,0.016,0.045,0.038,0.043,0.022,0.059,0.030,0.101,0.044,0.077,0.077,0.077,0.077,0.207,0.284,0.245,0.098,0.098,0.098,0.098,0.098,0.212,0.212,0.204,0.205
0.040,0.010,0.011,0.056,0.042,0.042,0.189,0.216,0.220,0.061,0.014,0.023,0.061,0.052,0.059,0.027,0.066,0.034,0.110,0.049,0.084,0.084,0.084,0.084,0.204,0.283,0.244,0.100,0.100,0.100,0.100,0.099,0.212,0.212,0.201,0.201
0.029,0.006,0.006,0.044,0.033,0.033,0.167,0.209,0.212,0.042,0.007,0.014,0.046,0.038,0.044,0.017,0.050,0.025,0.091,0.039,0.069,0.069,0.069,0.069,0.206,0.287,0.247,0.096,0.096,0.096,0.096,0.096,0.212,0.213,0.201,0.201
0.039,0.008,0.009,0.055,0.041,0.041,0.184,0.213,0.218,0.051,0.009,0.017,0.053,0.045,0.051,0.018,0.054,0.027,0.093,0.040,0.070,0.070,0.070,0.070,0.204,0.288,0.249,0.096,0.096,0.096,0.096,0.096,0.212,0.212,0.202,0.202
0.043,0.010,0.012,0.057,0.043,0.043,0.189,0.211,0.217,0.064,0.015,0.025,0.064,0.054,0.062,0.029,0.069,0.036,0.113,0.051,0.087,0.087,0.087,0.087,0.207,0.283,0.245,0.100,0.100,0.100,0.100,0.100,0.212,0.212,0.203,0.204
0.007,0.003,0.004,0.022,0.016,0.016,0.014,0.038,0.039,0.026,0.009,0.017,0.049,0.041,0.047,0.021,0.057,0.029,0.101,0.044,0.077,0.077,0.077,0.077,0.206,0.285,0.246,0.097,0.097,0.097,0.097,0.097,0.213,0.212,0.206,0.206
0.002,0.001,0.002,0.012,0.009,0.009,0.007,0.030,0.032,0.013,0.006,0.012,0.037,0.031,0.036,0.017,0.050,0.024,0.092,0.039,0.070,0.070,0.070,0.070,0.207,0.284,0.245,0.095,0.095,0.095,0.095,0.095,0.212,0.212,0.209,0.209
0.038,0.008,0.008,0.054,0.041,0.041,0.188,0.218,0.222,0.053,0.009,0.018,0.054,0.045,0.052,0.018,0.052,0.026,0.093,0.040,0.071,0.070,0.071,0.071,0.206,0.285,0.246,0.095,0.095,0.095,0.095,0.095,0.212,0.212,0.203,0.202
0.003,0.002,0.002,0.013,0.010,0.010,0.009,0.034,0.035,0.017,0.009,0.016,0.044,0.037,0.043,0.023,0.059,0.030,0.104,0.046,0.080,0.080,0.080,0.080,0.205,0.280,0.243,0.098,0.097,0.098,0.098,0.097,0.212,0.212,0.206,0.205
0.003,0.001,0.002,0.012,0.009,0.009,0.012,0.036,0.037,0.018,0.005,0.011,0.037,0.031,0.035,0.015,0.046,0.023,0.089,0.038,0.067,0.067,0.067,0.067,0.206,0.285,0.246,0.095,0.095,0.095,0.095,0.095,0.213,0.212,0.205,0.205
0.035,0.007,0.007,0.049,0.037,0.037,0.191,0.222,0.227,0.049,0.008,0.015,0.049,0.041,0.047,0.017,0.049,0.024,0.091,0.039,0.069,0.069,0.069,0.069,0.206,0.284,0.246,0.096,0.096,0.095,0.096,0.096,0.212,0.212,0.203,0.203
0.007,0.005,0.005,0.025,0.019,0.019,0.012,0.040,0.041,0.028,0.015,0.023,0.063,0.053,0.062,0.027,0.070,0.035,0.106,0.047,0.081,0.081,0.081,0.081,0.207,0.284,0.245,0.097,0.097,0.097,0.097,0.097,0.212,0.212,0.208,0.207
0.041,0.009,0.010,0.058,0.044,0.044,0.180,0.211,0.213,0.055,0.010,0.019,0.057,0.047,0.054,0.020,0.056,0.028,0.097,0.042,0.074,0.074,0.074,0.074,0.207,0.283,0.244,0.096,0.095,0.096,0.095,0.096,0.213,0.212,0.201,0.201
0.046,0.012,0.012,0.062,0.047,0.047,0.189,0.214,0.217,0.064,0.013,0.023,0.063,0.053,0.060,0.024,0.063,0.031,0.102,0.045,0.079,0.079,0.079,0.079,0.206,0.280,0.242,0.096,0.096,0.097,0.097,0.097,0.212,0.212,0.200,0.200
0.033,0.007,0.008,0.050,0.038,0.038,0.170,0.210,0.215,0.045,0.008,0.017,0.049,0.041,0.047,0.019,0.052,0.026,0.097,0.042,0.074,0.074,0.075,0.074,0.205,0.281,0.244,0.096,0.096,0.096,0.096,0.096,0.212,0.213,0.202,0.202
0.042,0.010,0.010,0.058,0.044,0.044,0.181,0.209,0.212,0.059,0.012,0.021,0.060,0.051,0.058,0.022,0.060,0.030,0.099,0.043,0.075,0.075,0.075,0.075,0.206,0.285,0.246,0.097,0.097,0.097,0.097,0.097,0.213,0.212,0.202,0.202
0.058,0.017,0.017,0.074,0.056,0.056,0.206,0.223,0.226,0.081,0.019,0.030,0.075,0.063,0.072,0.032,0.076,0.039,0.113,0.051,0.087,0.087,0.087,0.087,0.206,0.284,0.245,0.099,0.099,0.099,0.099,0.099,0.212,0.212,0.201,0.201
0.003,0.002,0.003,0.014,0.011,0.011,0.008,0.034,0.036,0.019,0.017,0.026,0.061,0.051,0.060,0.037,0.083,0.043,0.120,0.057,0.095,0.095,0.095,0.095,0.206,0.274,0.238,0.100,0.100,0.101,0.101,0.101,0.211,0.211,0.209,0.209
0.044,0.011,0.011,0.059,0.046,0.046,0.186,0.214,0.218,0.060,0.013,0.023,0.061,0.051,0.059,0.025,0.062,0.032,0.104,0.048,0.082,0.082,0.082,0.082,0.207,0.276,0.240,0.098,0.099,0.098,0.099,0.099,0.211,0.211,0.202,0.203
0.003,0.002,0.002,0.014,0.010,0.010,0.011,0.037,0.038,0.017,0.006,0.011,0.038,0.032,0.036,0.016,0.049,0.024,0.088,0.038,0.067,0.067,0.067,0.067,0.207,0.285,0.247,0.095,0.095,0.095,0.095,0.095,0.212,0.212,0.204,0.203
0.034,0.007,0.007,0.050,0.038,0.038,0.177,0.214,0.217,0.045,0.008,0.015,0.048,0.040,0.046,0.017,0.051,0.025,0.091,0.039,0.069,0.069,0.069,0.069,0.207,0.286,0.246,0.096,0.096,0.096,0.096,0.096,0.212,0.212,0.201,0.200
0.038,0.009,0.010,0.053,0.041,0.041,0.178,0.211,0.214,0.054,0.011,0.020,0.056,0.047,0.053,0.023,0.060,0.030,0.103,0.046,0.079,0.079,0.079,0.079,0.207,0.284,0.245,0.098,0.098,0.098,0.098,0.098,0.212,0.212,0.201,0.201
0.055,0.015,0.015,0.071,0.053,0.054,0.210,0.225,0.229,0.076,0.016,0.026,0.070,0.059,0.068,0.026,0.068,0.034,0.105,0.046,0.080,0.080,0.080,0.080,0.207,0.285,0.246,0.097,0.097,0.097,0.097,0.097,0.212,0.212,0.202,0.202
0.033,0.007,0.008,0.049,0.037,0.037,0.171,0.208,0.211,0.047,0.009,0.016,0.050,0.042,0.048,0.019,0.054,0.027,0.093,0.040,0.071,0.071,0.071,0.071,0.207,0.286,0.247,0.095,0.095,0.095,0.095,0.095,0.212,0.212,0.202,0.202
0.003,0.002,0.002,0.013,0.010,0.010,0.008,0.033,0.034,0.015,0.008,0.016,0.044,0.037,0.043,0.022,0.059,0.030,0.104,0.046,0.079,0.079,0.079,0.079,0.206,0.284,0.246,0.098,0.098,0.098,0.098,0.098,0.212,0.212,0.207,0.208
0.004,0.003,0.004,0.019,0.014,0.014,0.010,0.038,0.039,0.022,0.013,0.022,0.056,0.047,0.055,0.029,0.071,0.037,0.112,0.051,0.086,0.086,0.086,0.086,0.206,0.283,0.245,0.100,0.100,0.100,0.100,0.100,0.212,0.212,0.206,0.206
0.041,0.010,0.010,0.057,0.043,0.043,0.185,0.211,0.215,0.060,0.012,0.021,0.060,0.051,0.058,0.022,0.059,0.029,0.099,0.043,0.075,0.075,0.075,0.075,0.207,0.285,0.246,0.096,0.095,0.096,0.095,0.096,0.213,0.212,0.202,0.202
0.002,0.001,0.001,0.009,0.006,0.006,0.007,0.029,0.030,0.012,0.005,0.011,0.036,0.030,0.034,0.016,0.049,0.024,0.091,0.039,0.069,0.069,0.069,0.069,0.206,0.285,0.246,0.095,0.095,0.095,0.095,0.095,0.212,0.212,0.206,0.206
0.036,0.008,0.009,0.051,0.038,0.038,0.182,0.211,0.214,0.055,0.012,0.020,0.057,0.047,0.054,0.023,0.062,0.032,0.102,0.045,0.077,0.077,0.077,0.077,0.207,0.288,0.249,0.099,0.099,0.099,0.099,0.099,0.212,0.212,0.202,0.202
0.008,0.003,0.004,0.021,0.016,0.016,0.018,0.041,0.042,0.029,0.009,0.017,0.049,0.041,0.047,0.022,0.058,0.030,0.102,0.045,0.077,0.078,0.078,0.077,0.204,0.285,0.246,0.098,0.098,0.098,0.098,0.098,0.212,0.212,0.205,0.205
0.050,0.013,0.014,0.066,0.051,0.051,0.187,0.210,0.212,0.069,0.015,0.026,0.067,0.056,0.064,0.027,0.068,0.035,0.108,0.048,0.083,0.083,0.083,0.083,0.207,0.281,0.243,0.098,0.098,0.098,0.098,0.098,0.212,0.212,0.200,0.200
0.034,0.007,0.008,0.048,0.036,0.036,0.181,0.211,0.215,0.047,0.009,0.017,0.049,0.041,0.047,0.020,0.055,0.028,0.098,0.043,0.075,0.075,0.075,0.075,0.206,0.286,0.247,0.097,0.097,0.097,0.097,0.097,0.212,0.212,0.201,0.202
0.042,0.011,0.011,0.058,0.044,0.043,0.182,0.206,0.208,0.065,0.014,0.023,0.066,0.055,0.062,0.024,0.064,0.032,0.101,0.043,0.077,0.076,0.077,0.077,0.207,0.285,0.247,0.095,0.095,0.095,0.095,0.095,0.212,0.212,0.201,0.200
0.005,0.002,0.002,0.015,0.011,0.011,0.016,0.040,0.042,0.021,0.006,0.012,0.039,0.032,0.038,0.016,0.050,0.025,0.090,0.038,0.068,0.068,0.068,0.068,0.206,0.289,0.249,0.096,0.096,0.096,0.096,0.096,0.212,0.213,0.208,0.208
0.031,0.006,0.007,0.045,0.034,0.035,0.173,0.209,0.213,0.041,0.007,0.014,0.046,0.038,0.043,0.016,0.049,0.025,0.088,0.038,0.067,0.067,0.067,0.067,0.206,0.287,0.247,0.096,0.096,0.096,0.096,0.096,0.212,0.213,0.201,0.201
0.003,0.002,0.002,0.015,0.011,0.011,0.008,0.033,0.034,0.015,0.008,0.015,0.044,0.037,0.043,0.020,0.056,0.028,0.096,0.041,0.073,0.073,0.073,0.073,0.206,0.283,0.245,0.096,0.095,0.095,0.096,0.095,0.212,0.212,0.206,0.206
0.002,0.001,0.002,0.011,0.008,0.008,0.008,0.030,0.031,0.013,0.005,0.011,0.035,0.029,0.034,0.017,0.049,0.024,0.094,0.040,0.071,0.071,0.071,0.071,0.205,0.284,0.245,0.096,0.096,0.096,0.096,0.096,0.212,0.212,0.206,0.206
0.033,0.007,0.008,0.049,0.038,0.037,0.170,0.208,0.211,0.045,0.009,0.018,0.050,0.041,0.047,0.021,0.056,0.028,0.102,0.045,0.078,0.078,0.078,0.078,0.204,0.285,0.246,0.098,0.097,0.098,0.098,0.098,0.212,0.213,0.200,0.200
0.007,0.003,0.003,0.020,0.015,0.015,0.017,0.042,0.043,0.027,0.009,0.017,0.048,0.040,0.046,0.022,0.058,0.029,0.102,0.045,0.078,0.078,0.078,0.078,0.207,0.282,0.245,0.097,0.097,0.097,0.097,0.097,0.212,0.212,0.206,0.207
0.007,0.003,0.003,0.020,0.015,0.015,0.016,0.039,0.040,0.026,0.008,0.015,0.046,0.038,0.044,0.019,0.052,0.026,0.096,0.042,0.073,0.073,0.073,0.073,0.205,0.284,0.246,0.096,0.096,0.096,0.096,0.096,0.212,0.212,0.204,0.204
0.002,0.001,0.002,0.010,0.008,0.008,0.005,0.029,0.030,0.013,0.010,0.017,0.046,0.039,0.045,0.025,0.063,0.032,0.106,0.048,0.082,0.083,0.082,0.083,0.206,0.278,0.241,0.098,0.098,0.098,0.098,0.098,0.212,0.212,0.208,0.209
0.040,0.009,0.009,0.058,0.044,0.044,0.185,0.220,0.223,0.051,0.009,0.018,0.052,0.044,0.050,0.020,0.055,0.027,0.097,0.042,0.074,0.074,0.074,0.074,0.206,0.284,0.245,0.097,0.097,0.097,0.097,0.097,0.212,0.212,0.201,0.202
0.002,0.001,0.002,0.012,0.009,0.009,0.006,0.031,0.032,0.013,0.009,0.016,0.044,0.037,0.042,0.024,0.061,0.031,0.105,0.047,0.080,0.080,0.080,0.080,0.206,0.284,0.245,0.098,0.098,0.098,0.098,0.098,0.212,0.213,0.206,0.207
0.030,0.006,0.007,0.046,0.035,0.035,0.168,0.207,0.210,0.044,0.008,0.016,0.048,0.040,0.046,0.019,0.053,0.027,0.098,0.043,0.075,0.075,0.075,0.074,0.206,0.283,0.245,0.097,0.097,0.097,0.097,0.096,0.212,0.212,0.200,0.200
